<?xml version="1.0" encoding="UTF-8"?>
<Image TileSize="256" Overlap="1" Format="png" xmlns="http://schemas.microsoft.com/deepzoom/2008">
<Size Width="1637445" Height="947239"/>
<DisplayRects>
<DisplayRect MinLevel="2" MaxLevel="12">
<Rect X="386077" Y="168263" Width="416233" Height="277624"/>
</DisplayRect>
<DisplayRect MinLevel="2" MaxLevel="12">
<Rect X="374733" Y="399197" Width="386077" Height="257510"/>
</DisplayRect>
<DisplayRect MinLevel="2" MaxLevel="12">
<Rect X="85606" Y="533439" Width="386077" Height="257510"/>
</DisplayRect>
<DisplayRect MinLevel="2" MaxLevel="12">
<Rect X="0" Y="0" Width="386077" Height="257510"/>
</DisplayRect>
<DisplayRect MinLevel="2" MaxLevel="12">
<Rect X="1251367" Y="321982" Width="386077" Height="257510"/>
</DisplayRect>
<DisplayRect MinLevel="2" MaxLevel="12">
<Rect X="1076068" Y="656707" Width="435584" Height="290531"/>
</DisplayRect>
<DisplayRect MinLevel="2" MaxLevel="12">
<Rect X="417294" Y="656707" Width="386077" Height="257510"/>
</DisplayRect>
<DisplayRect MinLevel="2" MaxLevel="12">
<Rect X="958621" Y="90335" Width="386077" Height="257510"/>
</DisplayRect>
<DisplayRect MinLevel="2" MaxLevel="12">
<Rect X="993857" Y="347846" Width="257510" Height="386076"/>
</DisplayRect>
<DisplayRect MinLevel="2" MaxLevel="12">
<Rect X="657627" Y="296043" Width="386077" Height="257510"/>
</DisplayRect>
<DisplayRect MinLevel="2" MaxLevel="12">
<Rect X="56121" Y="257510" Width="386077" Height="257510"/>
</DisplayRect>
<DisplayRect MinLevel="2" MaxLevel="12">
<Rect X="657627" Y="64471" Width="386077" Height="257510"/>
</DisplayRect>
<DisplayRect MinLevel="2" MaxLevel="12">
<Rect X="657627" Y="515020" Width="386077" Height="257510"/>
</DisplayRect>
<DisplayRect MinLevel="11" MaxLevel="21">
<Rect X="1510629" Y="946556" Width="1023" Height="682"/>
</DisplayRect>
</DisplayRects>
</Image>
