<?xml version="1.0"?>
<SceneGraph version="1">
  <AspectRatio>1,72864967166978</AspectRatio>
  <SceneNode>
    <FileName>C:\Users\thomas.lebrun\Documents\Expression\Deep Zoom Composer Projects\WinwiseDeepZoomViewer\source images\2463632482_1b0e2ea6d0_b.jpg</FileName>
    <x>0,235780151013519</x>
    <y>0,177635312007722</y>
    <Width>0,254196938609185</Width>
    <Height>0,293088009180114</Height>
    <ZOrder>1</ZOrder>
  </SceneNode>
  <SceneNode>
    <FileName>C:\Users\thomas.lebrun\Documents\Expression\Deep Zoom Composer Projects\WinwiseDeepZoomViewer\source images\2463716993_4489b151ef_b.jpg</FileName>
    <x>0,228852269992319</x>
    <y>0,421432675719878</y>
    <Width>0,235780151013519</Width>
    <Height>0,271853529955305</Height>
    <ZOrder>2</ZOrder>
  </SceneNode>
  <SceneNode>
    <FileName>C:\Users\thomas.lebrun\Documents\Expression\Deep Zoom Composer Projects\WinwiseDeepZoomViewer\source images\2464569988_3d62493417_b.jpg</FileName>
    <x>0,0522805780824093</x>
    <y>0,563152088310488</y>
    <Width>0,23578015101352</Width>
    <Height>0,271853529955306</Height>
    <ZOrder>3</ZOrder>
  </SceneNode>
  <SceneNode>
    <FileName>C:\Users\thomas.lebrun\Documents\Expression\Deep Zoom Composer Projects\WinwiseDeepZoomViewer\source images\2463504176_6643cb8884_b.jpg</FileName>
    <x>0</x>
    <y>0</y>
    <Width>0,235780151013519</Width>
    <Height>0,271853529955304</Height>
    <ZOrder>4</ZOrder>
  </SceneNode>
  <SceneNode>
    <FileName>C:\Users\thomas.lebrun\Documents\Expression\Deep Zoom Composer Projects\WinwiseDeepZoomViewer\source images\2463529020_a4993ed538_b.jpg</FileName>
    <x>0,76421984898648</x>
    <y>0,339916419592723</y>
    <Width>0,23578015101352</Width>
    <Height>0,271853529955306</Height>
    <ZOrder>5</ZOrder>
  </SceneNode>
  <SceneNode>
    <FileName>C:\Users\thomas.lebrun\Documents\Expression\Deep Zoom Composer Projects\WinwiseDeepZoomViewer\source images\2463534172_572c1e75d4_b.jpg</FileName>
    <x>0,65716335998512</x>
    <y>0,693286205675185</y>
    <Width>0,26601466148232</Width>
    <Height>0,306713794324815</Height>
    <ZOrder>6</ZOrder>
  </SceneNode>
  <SceneNode>
    <FileName>C:\Users\thomas.lebrun\Documents\Expression\Deep Zoom Composer Projects\WinwiseDeepZoomViewer\source images\2462642357_b7b64a0e85_b.jpg</FileName>
    <x>0,254844921409207</x>
    <y>0,693286205675185</y>
    <Width>0,235780151013519</Width>
    <Height>0,271853529955304</Height>
    <ZOrder>7</ZOrder>
  </SceneNode>
  <SceneNode>
    <FileName>C:\Users\thomas.lebrun\Documents\Expression\Deep Zoom Composer Projects\WinwiseDeepZoomViewer\source images\2465274117_ab165f45ae_b.jpg</FileName>
    <x>0,585437602726439</x>
    <y>0,0953676512112627</y>
    <Width>0,235780151013519</Width>
    <Height>0,271853529955305</Height>
    <ZOrder>8</ZOrder>
  </SceneNode>
  <SceneNode>
    <FileName>C:\Users\thomas.lebrun\Documents\Expression\Deep Zoom Composer Projects\WinwiseDeepZoomViewer\source images\2465158609_eb7d318b0f_b.jpg</FileName>
    <x>0,606956330292892</x>
    <y>0,367221181166566</y>
    <Width>0,157263518693587</Width>
    <Height>0,407581280635771</Height>
    <ZOrder>9</ZOrder>
  </SceneNode>
  <SceneNode>
    <FileName>C:\Users\thomas.lebrun\Documents\Expression\Deep Zoom Composer Projects\WinwiseDeepZoomViewer\source images\2462747145_cdc52b1d39_b.jpg</FileName>
    <x>0,401618184951883</x>
    <y>0,312533037579991</y>
    <Width>0,23578015101352</Width>
    <Height>0,271853529955305</Height>
    <ZOrder>10</ZOrder>
  </SceneNode>
  <SceneNode>
    <FileName>C:\Users\thomas.lebrun\Documents\Expression\Deep Zoom Composer Projects\WinwiseDeepZoomViewer\source images\2462744087_48d128b90b_b.jpg</FileName>
    <x>0,0342741049639907</x>
    <y>0,271853529955307</y>
    <Width>0,235780151013519</Width>
    <Height>0,271853529955304</Height>
    <ZOrder>11</ZOrder>
  </SceneNode>
  <SceneNode>
    <FileName>C:\Users\thomas.lebrun\Documents\Expression\Deep Zoom Composer Projects\WinwiseDeepZoomViewer\source images\2462664401_85908f0ff7_b.jpg</FileName>
    <x>0,401618184951883</x>
    <y>0,0680628896374194</y>
    <Width>0,23578015101352</Width>
    <Height>0,271853529955306</Height>
    <ZOrder>12</ZOrder>
  </SceneNode>
  <SceneNode>
    <FileName>C:\Users\thomas.lebrun\Documents\Expression\Deep Zoom Composer Projects\WinwiseDeepZoomViewer\source images\2466109414_f2c673c290_b.jpg</FileName>
    <x>0,401618184951883</x>
    <y>0,54370705991061</y>
    <Width>0,23578015101352</Width>
    <Height>0,271853529955305</Height>
    <ZOrder>13</ZOrder>
  </SceneNode>
  <SceneNode>
    <FileName>C:\Users\thomas.lebrun\Documents\Expression\Deep Zoom Composer Projects\WinwiseDeepZoomViewer\source images\2463560074_5a85fd83e5_b.jpg</FileName>
    <x>0,922552656973966</x>
    <y>0,99927895734934</y>
    <Width>0,000625364493474374</Width>
    <Height>0,000721042650659735</Height>
    <ZOrder>14</ZOrder>
  </SceneNode>
</SceneGraph>